"","objID","ra","dec","psfmag_u","psfmag_g","psfmag_r","psfmag_i","psfmag_z","ratings"
"1","1237660559207237376",63.6347417697867,25.8571025208183,24.01497,24.50029,22.21936,21.43533,20.73631,0.150373981357542
"2","1237660760534091264",63.7391867620894,25.7150346718398,24.15013,25.06315,22.68582,21.88181,20.58199,0.150373981106654
"3","1237660559207235840",63.5616973805057,25.8476065132108,25.04744,23.8716,21.46688,20.68153,20.20566,0.150373981018424
