"","objID","ra","dec","psfmag_u","psfmag_g","psfmag_r","psfmag_i","psfmag_z","ratings"
"2","1237664295294337792",196.824190598858,39.7590103537391,23.19048,23.02958,23.14697,22.9381,23.29408,0.150373992904714
"3","1237664295294337536",196.776106226814,39.7576813605071,24.13455,22.83059,23.09397,22.81875,22.9216,0.150373992091291
