"","objID","ra","dec","psfmag_u","psfmag_g","psfmag_r","psfmag_i","psfmag_z","ratings"
"1","1237660761073910784",71.1616356422512,26.109653651852,23.83451,23.64448,22.13074,20.89278,20.20686,0.150374191818978
"2","1237660761073911296",71.1979679192151,26.066237587543,24.13754,23.86301,22.51835,21.37037,20.50881,0.150374102596354
"3","1237660761073911296",71.1641420469819,26.1000369116632,24.17737,24.25843,22.74292,21.54249,20.81319,0.150374040113211
"5","1237660761073976832",71.2970235092599,26.0111964548638,25.26796,24.18773,22.67933,21.49086,20.8063,0.150374004141593
"6","1237660761073911296",71.1472794226048,25.9564427400904,25.11992,24.2736,22.80724,21.67465,20.57458,0.150374003652017
"7","1237660761073975296",71.2683157146736,25.9609196072219,25.38664,24.26358,22.8951,21.74978,21.16456,0.1503739932512
"8","1237660761073911296",71.1383010620614,26.0731443366016,24.5792,23.42541,22.01005,20.82519,20.01384,0.150374168142064
