"","objID","ra","dec","psfmag_u","psfmag_g","psfmag_r","psfmag_i","psfmag_z","ratings"
"1","1237655124472234240",184.148075320045,4.19186099903098,22.30054,21.98885,21.55184,21.72394,21.52727,0.151036294852291
"2","1237655124472169216",184.08181751629,4.28387980116489,22.68162,22.21607,21.82819,21.91994,22.03666,0.150707767502757
"3","1237655124472168960",184.018861063983,4.22332526394929,22.6172,22.42495,22.06806,22.18296,21.66262,0.150647253800421
"5","1237655124472169216",184.061520337606,4.27111291561081,24.89316,22.73392,22.32483,22.54043,22.21338,0.150391578180523
"9","1237654604262408448",184.021092201592,4.11816422323533,22.09012,21.87166,21.49876,21.5989,21.35962,0.151184513484875
"13","1237654604262474240",184.133969587612,4.14317315098145,23.30614,22.88675,22.47663,22.70715,23.12326,0.150401917351889
