"","objID","ra","dec","psfmag_u","psfmag_g","psfmag_r","psfmag_i","psfmag_z","ratings"
"1","1237671970403124736",303.105366447368,60.1885003039508,25.25997,24.7144,22.91677,23.05706,23.18586,0.150373980940822
"2","1237671940350608384",303.237631786669,60.3424862908522,24.29231,23.94847,22.24565,22.36368,22.23327,0.150373981286749
"3","1237671940350609920",303.307896436791,60.3085393724664,23.16328,24.18236,22.46714,22.61162,22.76406,0.150373981262347
