"","objID","ra","dec","psfmag_u","psfmag_g","psfmag_r","psfmag_i","psfmag_z","ratings"
"4","1237657586030019072",54.0779941344096,-0.143934594969632,23.05594,22.64201,22.43949,22.05185,22.31818,0.150373991499902
"5","1237663238203834880",54.0883509187901,-0.297222084604123,23.60586,23.37289,23.0996,22.72393,21.75817,0.150373983223221
"6","1237657586029953024",53.9495888863054,-0.186913958504343,23.27477,23.33213,23.15941,22.69037,22.01517,0.150373983394562
"7","1237663238203834624",54.0349170872931,-0.207693972447641,24.1861,23.12199,22.87735,22.50958,22.12892,0.150373983076799
"8","1237663238203834880",54.100597543851,-0.268323679196675,25.08068,22.97382,22.67759,22.18182,21.48505,0.150373982917088
