"","objID","ra","dec","psfmag_u","psfmag_g","psfmag_r","psfmag_i","psfmag_z","ratings"
"4","1237667107428696576",131.105427599575,19.8084659759648,20.80747,18.21813,16.88896,16.25383,15.92252,0.933590665788572
"5","1237667107428696320",131.089681146683,19.6928597630161,20.8587,18.246,16.86814,16.26276,15.94619,0.93566797742216
"6","1237667107428696320",131.01737944418,19.7832436959266,19.53574,16.80848,15.40094,14.76621,14.42986,0.990580455015485
"7","1237667107428696576",131.137664055693,19.7004233112669,20.81419,18.07966,16.71945,16.0504,15.69329,0.946054809138675
"8","1237667107428696320",130.99645459219,19.7060019781302,21.29211,18.58096,17.21387,16.58599,16.24349,0.942815118737562
