"","objID","ra","dec","psfmag_u","psfmag_g","psfmag_r","psfmag_i","psfmag_z","ratings"
"1","1237663230700421376",356.917697265602,43.6027844838239,24.89119,24.23875,22.61623,20.88839,19.94253,0.150374039775795
"2","1237663230700423424",356.836129485129,43.5240385879879,24.3897,24.21072,22.63988,20.97663,20.13003,0.150374069230882
"3","1237663230700357632",356.738060169655,43.7454313184932,24.97055,24.09735,22.55565,20.9099,20.14699,0.150374043577005
"4","1237663230700423168",356.74932694798,43.5745717710951,24.25279,23.94447,22.26731,20.4757,19.47859,0.15037407466882
"5","1237663235519547136",357.111778953464,43.4826070859453,24.07379,23.81209,22.24039,20.5372,19.71231,0.150374073143113
"6","1237663235519416320",357.120966012911,43.7087079235618,25.4128,24.56547,22.85129,21.22338,20.07396,0.150373999421246
