"","objID","ra","dec","psfmag_u","psfmag_g","psfmag_r","psfmag_i","psfmag_z","ratings"
"1","1237674462028103936",143.800181858279,6.0713762366163,22.29523,21.01408,20.28724,19.89994,19.77508,0.352869952689977
"2","1237674462028169472",143.947850119122,6.20249005868779,21.69172,20.62714,19.80003,19.41094,19.08318,0.681915359618923
"3","1237674462028103936",143.86315174608,6.18782539022137,20.54586,19.20488,18.45206,17.98523,17.75935,0.867445031451681
"4","1237658300064465152",143.697125046916,6.23076640909388,21.26213,19.59224,18.81626,18.25301,17.88612,0.860426770564595
"5","1237674462028169472",143.894511261785,6.22930568091754,21.87893,20.52597,19.77134,19.37471,19.1241,0.6566960363369
"6","1237674462028169472",143.893784473201,6.18881458459397,21.32447,20.1276,19.3202,18.90579,18.36,0.876982682988863
"7","1237658300064465408",143.723282079364,6.27577428012977,21.70496,20.19141,19.47105,19.06752,18.66465,0.80164375180107
"8","1237658424620613888",143.981279076601,6.32775339326764,21.52554,20.29541,19.53456,19.06236,18.61063,0.830573331569479
"9","1237674462028104192",143.817835643373,6.03378011328631,22.40712,20.91924,20.06958,19.63565,19.42087,0.412833066455831
