"","objID","ra","dec","psfmag_u","psfmag_g","psfmag_r","psfmag_i","psfmag_z","ratings"
"1","1237660751946319360",64.9692989005557,28.888800356323,23.59813,24.13132,22.39921,20.40705,19.413,0.150438136989389
"2","1237660554376643584",65.0902655242216,28.8751565538305,23.81882,23.85299,21.98564,19.98273,18.74721,0.150474605005829
"3","1237660751946318080",64.9316660314274,28.9370417228321,23.64523,22.76628,20.99721,19.02674,17.99716,0.150493934985541
"4","1237660554376709632",65.0846210024127,29.0265166278581,23.52854,23.66861,21.85613,19.97956,18.94201,0.150515003062936
