"","objID","ra","dec","psfmag_u","psfmag_g","psfmag_r","psfmag_i","psfmag_z","ratings"
"1","1237661356465979904",169.589968983261,45.630735803821,24.61224,24.13612,23.37913,22.16243,22.11997,0.150373991511366
"2","1237661355929174784",169.898092794379,45.3419081893969,24.56295,23.43946,22.56783,21.27716,20.53227,0.150374102399923
"3","1237660634388824576",169.502765406768,45.5003135496025,23.12294,23.31953,22.47345,21.13565,20.613,0.150374234860017
