"","objID","ra","dec","psfmag_u","psfmag_g","psfmag_r","psfmag_i","psfmag_z","ratings"
"1","1237660559207237376",63.6347417697867,25.8571025208183,24.01497,24.50029,22.21936,21.43533,20.73631,0.150373981357542
"2","1237660760534091264",63.7391867620894,25.7150346718398,24.15013,25.06315,22.68582,21.88181,20.58199,0.150373981106654
"3","1237660559207235840",63.5616973805057,25.8476065132108,25.04744,23.8716,21.46688,20.68153,20.20566,0.150373981018424
"4","1237660559207367936",63.917949799636,25.8967701856166,24.5781,24.97611,22.62152,21.73547,21.73575,0.150373981043345
"5","1237660760534091008",63.642243206196,25.6679731486159,23.94802,25.01608,22.73073,21.98998,21.37836,0.150373981100048
