"","objID","ra","dec","psfmag_u","psfmag_g","psfmag_r","psfmag_i","psfmag_z","ratings"
"1","1237674365916743168",112.160847833569,31.2282479628575,24.02423,24.07215,21.99269,20.91687,20.47227,0.150374155888512
"2","1237654391635444224",112.355097944938,31.134919161024,25.25283,23.80353,21.7599,20.76421,20.16705,0.150374076300795
"3","1237654391635445248",112.424529448549,31.2162407964058,24.88986,24.78886,22.65667,21.6318,21.01336,0.150374016636817
"4","1237674365379937536",112.443273144877,30.9739834159568,25.68453,24.0593,22.00824,20.99235,20.49329,0.150374034914343
"5","1237673738863444736",112.521627071279,31.1518322981603,24.01181,23.99312,21.85938,20.76726,19.94549,0.150374044388693
"6","1237674365379872256",112.404684540025,31.0069358232848,25.52239,24.34587,22.30685,21.35263,20.3967,0.150374024550418
"7","1237654391635510528",112.447985718913,31.2466674966574,23.32682,24.59854,22.50371,21.55615,20.95158,0.150374134174968
