"","objID","ra","dec","psfmag_u","psfmag_g","psfmag_r","psfmag_i","psfmag_z","ratings"
"1","1237659324422620416",252.73132441257,31.7724822480857,25.74681,23.95283,21.61134,20.84877,20.56843,0.150374011382992
"2","1237659324422620416",252.625439595105,31.715034896987,23.60998,24.05727,21.74752,21.07457,20.73825,0.15037405626029
"3","1237659324422620416",252.616117075963,31.6710130661775,24.96299,24.42565,22.13835,21.42368,20.56435,0.150374018227901
"4","1237659163354202368",252.669830377828,31.6078180640997,24.62797,24.46609,22.08437,21.3633,21.01858,0.150374026607005
"5","1237659324422619904",252.598437778539,31.7489691679071,23.65862,24.92428,22.64245,21.83529,21.21795,0.150374015086655
