"","objID","ra","dec","psfmag_u","psfmag_g","psfmag_r","psfmag_i","psfmag_z","ratings"
"1","1237668271378006016",240.525907764153,11.0597898859267,24.79168,25.11431,23.20596,22.89077,22.82701,0.150373981224267
"2","1237668271378006528",240.527945998663,11.0948926462517,25.49347,24.22659,22.22614,22.00279,21.34281,0.15037398385427
