"","objID","ra","dec","psfmag_u","psfmag_g","psfmag_r","psfmag_i","psfmag_z","ratings"
"1","1237679318018818560",7.48155161719205,9.52324924900993,23.5484,22.7868,22.39233,22.09984,22.39008,0.150373992976222
"2","1237679318018818560",7.4941801598581,9.50182999110863,23.33386,22.92199,22.61759,22.29363,22.74589,0.150373988260014
"3","1237679318018753024",7.28713612176711,9.47897897911855,22.8763,23.22428,22.88523,22.51241,22.01349,0.150373988390538
"4","1237679318018687744",7.19121726375005,9.5656351032464,23.9672,22.84045,22.5464,22.17503,21.33149,0.150373993976598
"5","1237678906248790784",7.32316341166847,9.57386779790873,23.18114,22.78287,22.47885,22.2257,21.6034,0.150374000200768
"6","1237679318018818304",7.44513364409778,9.53116084107657,24.19273,22.90009,22.51232,22.15085,21.71665,0.150373989916307
"7","1237679318018753536",7.34034731533103,9.5308659436131,25.712,23.37491,23.03446,22.82642,21.97622,0.15037398129605
