"","objID","ra","dec","psfmag_u","psfmag_g","psfmag_r","psfmag_i","psfmag_z","ratings"
"1","1237669767622165248",11.5621085740452,7.90061861158737,23.48608,23.65434,22.82134,22.89679,22.4469,0.15037398099556
"2","1237669767622230784",11.7271877061818,7.99916398314054,24.76342,23.54979,22.83665,22.89936,22.04481,0.150373980963559
"3","1237669767622230784",11.7661338351193,7.96048022093096,25.24132,23.65278,22.83047,22.82716,21.90037,0.150373980949882
