"","objID","ra","dec","psfmag_u","psfmag_g","psfmag_r","psfmag_i","psfmag_z","ratings"
"1","1237662200438523136",244.805095145224,7.26154427997064,25.01904,23.34019,22.65246,21.76565,20.9573,0.150373983349467
"2","1237662636377637888",244.800040950029,7.12151620498596,24.96954,23.20207,22.47123,21.54681,21.23147,0.150373984204952
"3","1237661950817142272",244.506304052599,7.06065913604881,23.03918,23.49498,22.81576,21.91746,22.16024,0.150373984763162
"4","1237662636377507840",244.594972651749,7.23466799875484,23.84441,23.74529,23.1286,22.19082,22.05714,0.150373982456595
"5","1237662199901586432",244.614694604101,7.03555847451244,23.75824,23.1107,22.43535,21.48744,20.89597,0.150373991568508
