"","objID","ra","dec","psfmag_u","psfmag_g","psfmag_r","psfmag_i","psfmag_z","ratings"
"1","1237666464796378112",83.1588472478548,62.8372293919978,23.94531,24.42962,22.33013,20.77854,19.87182,0.150373981306111
"2","1237666464796313600",83.0445304249812,62.7589375584152,25.48685,24.61234,22.55409,21.01334,20.05974,0.150373981631692
"3","1237666520624268288",82.8191597672898,62.8519209495217,24.38103,24.0472,22.11018,20.56586,19.70973,0.150373979907406
